"","All U.S. citizens and permanent residents, all fields","Science and engineering","Science","Computer and information sciences","Geosciences, atmospheric sciences, and ocean sciences","Atmospheric sciences","Earth sciences","Ocean sciences","Life sciences","Agricultural sciences and natural resources","Biological and biomedical sciences","Health sciences","Mathematics and Statistics","Physical sciences","Astronomy","Chemistry","Physics","Other physical sciences","Psychology and social sciences","Anthropology","Economics","Political science","Psychology","Sociology","Other social sciences","Engineering","Aerospace, aeronautical, and astronautical engineering","Bioengineering and biomedical engineering","Chemical engineering","Civil engineering","Electrical, electronics, and communications engineering","Industrial and manufacturing engineering","Materials science engineering","Mechanical engineering","Other engineering","Non-science and engineering","Education","Humanities and arts","Technologies","Other non-science and engineering/unknown","Year","Ethnicity","Gender"
"1",652091,250520,196717,30644,2781,470,1967,344,56567,9587,31980,15000,8433,9908,214,5701,3706,287,88384,2631,16247,21827,20981,8675,18023,53803,2362,1894,2955,8088,10083,2231,679,14874,10637,401571,32301,104380,16982,247908,"2008","All","Male"
"2",669080,255666,200834,30184,3004,480,2155,369,59778,10100,33264,16414,8731,10029,186,5790,3743,310,89108,2633,16985,21106,21242,8588,18554,54832,2449,2213,3139,8527,9608,2534,634,14959,10769,413414,32365,106528,17518,257003,"2009","All","Male"
"3",689916,267788,210433,31336,3165,452,2299,414,65063,10531,35409,19123,8983,10359,241,5928,3823,367,91527,2756,17641,21354,22044,8740,18992,57355,2564,2258,3564,8886,9398,2716,694,15916,11359,422128,31775,107164,17780,265409,"2010","All","Male"
"4",714163,283437,223961,34253,3495,456,2533,506,70446,11719,36426,22301,9520,10907,217,6292,4026,372,95340,2902,17967,21996,22999,8866,20610,59476,2687,2321,3999,9708,9286,2772,649,16412,11642,430726,31992,108249,18766,271719,"2011","All","Male"
"5",742895,301820,239360,37409,3883,465,2879,539,77882,12459,39131,26292,10253,11576,237,6693,4247,399,98357,3103,17532,21944,25152,9297,21329,62460,2843,2566,4419,9784,9549,2956,767,17273,12303,441075,33392,109773,19688,278222,"2012","All","Male"
"6",762482,318955,253156,40478,4177,490,3120,567,85720,13646,41132,30942,10966,12311,224,6977,4680,430,99504,3258,17245,21214,26472,9361,21954,65799,2770,2810,4742,10074,10218,3046,807,18430,12902,443527,34240,109895,19822,279570,"2013","All","Male"
"7",774290,331955,262325,43803,4439,483,3358,598,90914,14119,43219,33576,11205,12760,245,7234,4835,446,99204,3091,17838,20610,26931,9406,21328,69630,2835,3097,4975,9641,10922,3355,860,20198,13747,442335,33722,105950,19752,282911,"2014","All","Male"
"8",781745,341870,268598,46860,4809,461,3687,661,95383,14104,44868,36411,11466,13002,239,7205,5138,420,97078,2722,19301,19514,26458,8973,20110,73272,3113,3289,5588,9298,11322,3591,953,21681,14437,439875,32293,100892,19953,286737,"2015","All","Male"
"9",785845,349416,271045,49862,4789,465,3757,567,98056,14356,45237,38463,11940,13101,298,7181,5266,356,93297,2425,19377,18052,25869,8272,19302,78371,3071,3583,6075,9289,12097,3824,1022,23561,15849,436429,31956,95745,19865,288863,"2016","All","Male"
"10",794082,359077,275716,54420,4772,411,3782,579,100081,14511,44984,40586,12599,13177,335,7217,5260,365,90667,2242,19630,17568,24926,7992,18309,83361,3224,3637,6625,9351,12831,4031,1034,25359,17269,435005,30593,91680,20072,292660,"2017","All","Male"
"11",800241,366705,280365,59334,4836,463,3838,535,100024,14648,44554,40822,13070,13077,355,6922,5473,327,90024,2222,20208,17735,24098,7664,18097,86340,3293,3721,6700,9379,12657,4216,1019,27409,17946,433536,30072,89285,20155,294024,"2018","All","Male"
"12",50285,18691,14668,2372,122,21,82,19,3726,421,2237,1068,503,574,25,357,181,11,7371,239,1005,1715,1916,853,1643,4023,138,77,177,730,924,195,28,1099,655,31594,2498,7738,1269,20089,"2008","Latinx","Male"
"13",52933,19703,15372,2408,137,25,92,20,3995,421,2418,1156,561,579,12,371,183,13,7692,220,1054,1780,2072,899,1667,4331,160,114,193,800,981,260,26,1022,775,33230,2587,8034,1259,21350,"2009","Latinx","Male"
"14",57416,21896,17280,2534,139,14,97,28,4974,469,2748,1757,594,598,18,357,209,14,8441,242,1203,1887,2242,1010,1857,4616,192,108,231,909,895,257,35,1232,757,35520,2612,8453,1348,23107,"2010","Latinx","Male"
"15",62127,24255,19330,2891,165,14,123,28,5635,559,2978,2098,650,711,18,441,230,22,9278,290,1237,2054,2507,1060,2130,4925,187,126,240,961,986,278,23,1303,821,37872,2248,9310,1493,24821,"2011","Latinx","Male"
"16",69135,28077,22492,3424,210,23,153,34,6885,632,3401,2852,692,776,11,484,258,23,10505,336,1374,2236,2909,1250,2400,5585,234,147,305,1079,1057,334,44,1465,920,41058,2441,9844,1610,27163,"2012","Latinx","Male"
"17",76703,31886,25687,3809,246,20,190,36,8201,779,3899,3523,834,967,24,551,349,43,11630,421,1457,2448,3432,1303,2569,6199,241,188,346,1233,1148,338,46,1685,974,44817,2635,11009,1914,29259,"2013","Latinx","Male"
"18",83284,35813,28762,4462,312,35,237,40,9452,842,4485,4125,975,1078,23,648,365,42,12483,433,1579,2440,3876,1452,2703,7051,294,216,369,1186,1329,394,65,1991,1207,47471,2745,11280,1982,31464,"2014","Latinx","Male"
"19",89640,39203,31433,4868,330,28,252,50,10774,919,5069,4786,1058,1147,23,663,420,41,13256,411,1876,2572,4121,1521,2755,7770,322,262,427,1207,1393,408,49,2351,1351,50437,2892,11324,2113,34108,"2015","Latinx","Male"
"20",96348,42964,34115,5393,413,24,336,53,11943,1077,5546,5320,1259,1288,25,745,488,30,13819,422,1952,2450,4377,1678,2940,8849,362,321,576,1284,1573,437,76,2631,1589,53384,3238,11900,2203,36043,"2016","Latinx","Male"
"21",101398,46132,36371,6126,431,27,345,59,12845,1184,5778,5883,1353,1432,39,856,509,28,14184,407,2119,2592,4416,1709,2941,9761,354,324,615,1362,1749,501,71,3026,1759,55266,3247,11817,2333,37869,"2017","Latinx","Male"
"22",108442,49661,39291,6830,458,16,385,57,13859,1197,6460,6202,1479,1623,39,912,631,41,15042,410,2410,2668,4808,1699,3047,10370,390,367,646,1364,1698,529,75,3354,1947,58781,3612,12276,2449,40444,"2018","Latinx","Male"
"23",4222,1666,1373,166,12,2,8,2,423,88,214,121,48,55,1,36,15,3,669,38,66,154,150,68,193,293,13,3,21,46,53,15,6,74,62,2556,260,729,114,1453,"2008","Native","Male"
"24",4515,1673,1399,153,14,1,12,1,444,106,222,116,36,84,2,52,28,2,668,46,79,122,154,94,173,274,17,1,15,35,47,14,2,78,65,2842,248,836,147,1611,"2009","Native","Male"
"25",4517,1767,1477,185,29,3,24,2,473,98,226,149,41,65,0,35,28,2,684,34,78,141,191,75,165,290,17,2,18,53,46,16,1,70,67,2750,243,745,133,1629,"2010","Native","Male"
"26",4468,1701,1461,190,17,1,14,2,480,90,228,162,48,65,1,40,23,1,661,34,81,144,138,62,202,240,14,5,13,57,35,5,0,68,43,2767,264,713,157,1633,"2011","Native","Male"
"27",4181,1611,1370,181,30,3,26,1,450,97,214,139,37,49,2,27,19,1,623,33,55,113,181,67,174,241,14,8,18,39,31,8,1,69,53,2570,228,736,149,1457,"2012","Native","Male"
"28",4342,1728,1451,200,16,4,12,0,515,108,217,190,49,49,3,28,17,1,622,38,59,111,173,61,180,277,7,6,17,49,43,15,1,73,66,2614,237,685,175,1517,"2013","Native","Male"
"29",3944,1569,1331,221,26,1,20,5,434,89,185,160,34,56,0,31,22,3,560,22,53,105,167,65,148,238,7,7,21,45,36,5,1,64,52,2375,195,637,152,1391,"2014","Native","Male"
"30",3856,1517,1277,219,27,3,22,2,451,97,171,183,43,46,0,35,9,2,491,24,60,63,148,45,151,240,9,4,15,27,33,13,1,83,55,2339,203,576,170,1390,"2015","Native","Male"
"31",3650,1464,1215,182,23,1,18,4,428,95,163,170,34,57,0,35,20,2,491,18,58,74,136,60,145,249,6,3,20,37,33,7,3,79,61,2186,181,533,145,1327,"2016","Native","Male"
"32",3573,1462,1226,198,22,2,17,3,472,102,167,203,46,39,1,22,13,3,449,16,37,69,142,50,135,236,8,6,16,40,32,15,1,60,58,2111,166,500,131,1314,"2017","Native","Male"
"33",3378,1431,1161,188,32,1,22,9,462,102,175,185,30,41,0,30,11,0,408,17,43,53,134,37,124,270,5,5,17,34,45,13,2,86,63,1947,163,434,121,1229,"2018","Native","Male"
"34",46321,25175,18637,2536,74,7,44,23,6824,273,5385,1166,860,1037,15,758,244,20,7306,167,2381,1261,1649,619,1229,6538,237,588,397,639,1936,240,95,1276,1130,21146,684,4680,862,14920,"2008","Asian","Male"
"35",47409,25638,19093,2321,91,11,54,26,7275,322,5640,1313,917,1043,18,776,229,20,7446,156,2524,1190,1645,614,1317,6545,264,689,438,737,1716,252,90,1278,1081,21771,774,4637,852,15508,"2009","Asian","Male"
"36",49540,26867,20295,2381,91,8,65,18,7927,339,5990,1598,971,1109,22,823,239,25,7816,188,2738,1224,1721,656,1289,6572,255,708,502,726,1623,250,99,1317,1092,22673,758,4800,854,16261,"2010","Asian","Male"
"37",51633,28488,21635,2836,103,8,64,31,8525,421,6332,1772,1095,1147,12,864,258,13,7929,207,2670,1285,1804,565,1398,6853,282,714,521,870,1652,269,103,1343,1099,23145,854,4684,909,16698,"2011","Asian","Male"
"38",53911,30024,22824,3094,128,15,84,29,9295,466,6690,2139,1104,1265,21,911,301,32,7938,193,2558,1245,1987,594,1361,7200,298,808,631,836,1650,279,94,1430,1174,23887,877,4759,968,17283,"2012","Asian","Male"
"39",56436,32400,24468,3751,149,10,116,23,9898,449,6898,2551,1297,1371,16,992,338,25,8002,204,2464,1210,2071,657,1396,7932,333,823,689,912,1771,326,127,1647,1304,24036,962,4872,973,17229,"2013","Asian","Male"
"40",56819,33483,25551,4339,143,11,99,33,10462,494,6987,2981,1352,1397,29,1014,326,28,7858,216,2462,1153,2078,629,1320,7932,304,831,692,783,1784,309,104,1700,1425,23336,1021,4484,991,16840,"2014","Asian","Male"
"41",58236,34702,26353,5032,184,13,129,42,10904,486,7254,3164,1397,1366,15,962,365,24,7470,187,2524,1018,1957,582,1202,8349,343,768,819,773,1854,338,140,1763,1551,23534,1080,4333,1069,17052,"2015","Asian","Male"
"42",60609,36928,27903,6223,157,18,114,25,11237,479,7287,3471,1491,1413,26,977,387,23,7382,159,2543,916,2044,569,1151,9025,309,868,804,779,2051,363,135,1977,1739,23681,1124,4143,1137,17277,"2016","Asian","Male"
"43",62901,38822,29219,7484,168,17,121,30,11448,494,7244,3710,1617,1332,25,920,367,20,7170,154,2551,858,1919,544,1144,9603,362,846,875,780,2114,353,131,2092,2050,24079,1164,4016,1097,17802,"2017","Asian","Male"
"44",65931,41291,31256,9000,175,10,129,36,11461,496,7129,3836,1909,1357,19,896,417,25,7354,161,2688,863,1909,556,1177,10035,329,864,866,775,2132,370,135,2289,2275,24640,1254,4141,1101,18144,"2018","Asian","Male"
"45",48716,16257,14048,2673,53,15,27,11,3338,272,1619,1447,397,450,3,335,99,13,7137,80,821,1446,1966,1408,1416,2209,64,55,117,247,701,138,15,423,449,32459,2599,6579,1491,21790,"2008","African American","Male"
"46",49761,16299,14051,2538,61,13,39,9,3494,273,1716,1505,439,476,5,343,106,22,7043,101,802,1410,1940,1352,1438,2248,69,56,124,268,718,143,17,429,424,33462,2705,6773,1565,22419,"2009","African American","Male"
"47",51969,17301,15018,2771,67,17,38,12,3976,294,1924,1758,412,460,5,311,114,30,7332,109,873,1506,2057,1390,1397,2283,85,63,118,316,649,166,15,449,422,34668,2711,6773,1579,23605,"2010","African American","Male"
"48",55004,18613,16318,3096,78,18,41,19,4289,300,1930,2059,409,479,5,337,111,26,7967,145,852,1633,2194,1447,1696,2295,75,67,154,330,595,151,13,480,430,36391,2777,7058,1690,24866,"2011","African American","Male"
"49",59258,20198,17833,3387,71,9,45,17,4895,327,2089,2479,499,507,2,384,99,22,8474,115,853,1668,2436,1561,1841,2365,58,79,173,335,569,180,20,491,460,39060,2938,7365,1908,26849,"2012","African American","Male"
"50",63172,22339,19682,4006,85,16,53,16,5617,335,2286,2996,500,530,4,374,119,33,8944,121,905,1734,2761,1561,1862,2657,78,63,193,355,660,153,14,571,570,40833,3153,7722,2073,27885,"2013","African American","Male"
"51",64424,22884,20210,4009,96,12,60,24,5964,376,2311,3277,500,563,1,393,143,26,9078,115,892,1747,2739,1664,1921,2674,71,94,201,345,704,172,24,540,523,41540,3206,8022,2092,28220,"2014","African American","Male"
"52",65589,23793,20909,4284,109,10,84,15,6404,393,2578,3433,500,558,9,395,125,29,9054,102,1039,1682,2906,1558,1767,2884,87,95,211,362,693,165,18,659,594,41796,3243,7924,2039,28590,"2015","African American","Male"
"53",66655,24072,20914,4224,94,12,65,17,6807,374,2623,3810,506,555,6,363,161,25,8728,120,972,1532,2858,1445,1801,3158,90,149,196,372,705,203,24,753,666,42583,3515,8037,1971,29060,"2016","African American","Male"
"54",67573,25069,21739,4503,115,8,87,20,7232,381,2770,4081,532,594,8,389,168,29,8763,118,1024,1514,2920,1419,1768,3330,95,121,231,395,732,220,26,819,691,42504,3332,7952,1932,29288,"2017","African American","Male"
"55",67693,25482,21944,4833,126,20,95,11,7344,449,2695,4200,572,556,5,372,161,18,8513,100,1000,1551,2781,1394,1687,3538,86,115,258,377,776,211,24,906,785,42211,3424,7722,2001,29064,"2018","African American","Male"
"56",459608,172761,134721,19954,2365,411,1690,264,39131,8129,20768,10234,6069,7166,157,3917,2874,218,60036,1888,10884,15771,14037,5248,12208,38040,1794,1061,2110,6052,5912,1552,495,11275,7789,286847,24801,76940,12182,172924,"2008","White","Male"
"57",469145,175500,137065,19840,2529,412,1826,291,41073,8485,21401,11187,6179,7253,129,3945,2946,233,60191,1863,11329,15194,14124,5098,12583,38435,1815,1201,2207,6230,5521,1764,452,11383,7862,293645,24583,78415,12578,178069,"2009","White","Male"
"58",475894,180901,140675,20209,2662,394,1941,327,43623,8740,22318,12565,6314,7362,169,4037,2890,266,60505,1938,11453,15021,14273,5005,12815,40226,1868,1234,2521,6349,5549,1874,505,11961,8365,294993,23822,77722,12692,180757,"2010","White","Male"
"59",484214,188675,147545,21668,2902,397,2109,396,46739,9636,22492,14611,6636,7653,164,4204,3060,225,61947,1967,11552,15245,14614,5065,13504,41130,1964,1235,2839,6860,5332,1870,466,12126,8438,295539,23967,77155,13230,181187,"2011","White","Male"
"60",497174,198716,155377,23128,3227,397,2405,425,50967,10177,24059,16731,7193,8124,181,4465,3215,263,62738,2132,11191,14989,15663,5125,13638,43339,2086,1352,3032,6997,5616,2010,546,12744,8956,298458,25202,77793,13525,181938,"2012","White","Male"
"61",503572,207611,162732,24743,3439,413,2578,448,55670,11139,25088,19443,7558,8553,164,4585,3499,305,62769,2199,11040,14203,16161,5110,14056,44879,1959,1526,3256,6962,5923,2083,586,13357,9227,295961,25360,76379,13345,180877,"2013","White","Male"
"62",506959,214105,166693,26479,3608,403,2765,440,58499,11482,26381,20636,7545,8795,177,4668,3627,323,61767,2050,11484,13717,16181,4919,13416,47412,1997,1751,3384,6779,6284,2294,606,14629,9688,292854,24704,72758,13108,182284,"2014","White","Male"
"63",503620,217474,167976,28160,3839,382,2960,497,60183,11368,26714,22101,7636,8987,175,4678,3838,296,59171,1777,12339,12741,15304,4538,12472,49498,2184,1953,3801,6398,6563,2471,682,15484,9962,286146,22990,67724,13068,182364,"2015","White","Male"
"64",499486,218591,166454,29463,3790,386,2987,417,60921,11460,26626,22835,7773,8833,215,4573,3816,229,55674,1511,12433,11790,14534,3858,11548,52137,2131,2013,4095,6266,6890,2606,701,16660,10775,280895,21949,63085,13108,182753,"2016","White","Male"
"65",499897,221265,166328,31591,3708,338,2964,406,61140,11479,25979,23682,8075,8837,239,4555,3794,249,52977,1361,12348,11254,13610,3650,10754,54937,2161,2080,4465,6183,7276,2693,736,17755,11588,278632,20845,60052,13287,184448,"2017","White","Male"
"66",497796,223169,166428,33717,3727,394,2956,377,60066,11517,25167,23382,8166,8592,253,4261,3864,214,52160,1362,12677,11409,12736,3411,10565,56741,2266,2121,4530,6327,7095,2863,720,19068,11751,274627,19763,57798,13281,183785,"2018","White","Male"
"67",42939,15970,13270,2943,155,14,116,25,3125,404,1757,964,556,626,13,298,293,22,5865,219,1090,1480,1263,479,1334,2700,116,110,133,374,557,91,40,727,552,26969,1459,7714,1064,16732,"2008","Other","Male"
"68",45317,16853,13854,2924,172,18,132,22,3497,493,1867,1137,599,594,20,303,251,20,6068,247,1197,1410,1307,531,1376,2999,124,152,162,457,625,101,47,769,562,28464,1468,7833,1117,18046,"2009","Other","Male"
"69",50580,19056,15688,3256,177,16,134,27,4090,591,2203,1296,651,765,27,365,343,30,6749,245,1296,1575,1560,604,1469,3368,147,143,174,533,636,153,39,887,656,31524,1629,8671,1174,20050,"2010","Other","Male"
"70",56717,21705,17672,3572,230,18,182,30,4778,713,2466,1599,682,852,17,406,344,85,7558,259,1575,1635,1742,667,1680,4033,165,174,232,630,686,199,44,1092,811,35012,1882,9329,1287,22514,"2011","Other","Male"
"71",59236,23194,19464,4195,217,18,166,33,5390,760,2678,1952,728,855,20,422,355,58,8079,294,1501,1693,1976,700,1915,3730,153,172,260,498,626,145,62,1074,740,36042,1706,9276,1528,23532,"2012","Other","Male"
"72",58257,22991,19136,3969,242,27,171,44,5819,836,2744,2239,728,841,13,447,358,23,7537,275,1320,1508,1874,669,1891,3855,152,204,241,563,673,131,33,1097,761,35266,1893,9228,1342,22803,"2013","Other","Male"
"73",58860,24101,19778,4293,254,21,177,56,6103,836,2870,2397,799,871,15,480,352,24,7458,255,1368,1448,1890,677,1820,4323,162,198,308,503,785,181,60,1274,852,34759,1851,8769,1427,22712,"2014","Other","Male"
"74",60804,25181,20650,4297,320,25,240,55,6667,841,3082,2744,832,898,17,472,381,28,7636,221,1463,1438,2022,729,1763,4531,168,207,315,531,786,196,63,1341,924,35623,1885,9011,1494,23233,"2015","Other","Male"
"75",59097,25397,20444,4377,312,24,237,51,6720,871,2992,2857,877,955,26,488,394,47,7203,195,1419,1290,1920,662,1717,4953,173,229,384,551,845,208,83,1461,1019,33700,1949,8047,1301,22403,"2016","Other","Male"
"76",58740,26327,20833,4518,328,19,248,61,6944,871,3046,3027,976,943,23,475,409,36,7124,186,1551,1281,1919,620,1567,5494,244,260,423,591,928,249,69,1607,1123,32413,1839,7343,1292,21939,"2017","Other","Male"
"77",57001,25671,20285,4766,318,22,251,45,6832,887,2928,3017,914,908,39,451,389,29,6547,172,1390,1191,1730,567,1497,5386,217,249,383,502,911,230,63,1706,1125,31330,1856,6914,1202,21358,"2018","Other","Male"
"78",883916,324210,312004,6474,2311,261,1392,658,141979,9618,47240,85121,6646,6971,116,5663,941,251,147623,5887,6877,17955,70534,19868,26502,12206,421,1214,1589,2243,1321,929,201,1998,2290,559706,91290,153943,12526,301947,"2008","All","Female"
"79",904014,335722,323691,6493,2363,233,1433,697,150903,10062,48974,91867,6638,7117,136,5825,890,266,150177,6195,7009,17539,71893,19892,27649,12031,410,1279,1637,2184,1125,976,208,1879,2333,568292,91000,154013,13129,310150,"2009","All","Female"
"80",930713,352041,339187,6904,2451,233,1517,701,161964,10971,50733,100260,6841,7242,134,5863,970,275,153785,6478,7340,17521,74008,19893,28545,12854,426,1319,1861,2280,1153,1025,231,2064,2495,578672,90636,154504,13272,320260,"2010","All","Female"
"81",967372,377735,364039,7305,2711,217,1710,784,178205,12104,53418,112683,7145,7411,131,6023,940,317,161262,6794,7317,17349,76893,20377,32532,13696,410,1476,1948,2606,1117,1068,259,2098,2714,589637,92247,155565,13923,327902,"2011","All","Female"
"82",1008926,409229,394456,8263,2988,261,1864,863,198338,13604,56771,127963,7676,7880,147,6422,984,327,169311,7644,6763,17075,82624,20866,34339,14773,435,1664,2132,2596,1205,1138,291,2394,2918,599697,93840,157097,16027,332733,"2012","All","Female"
"83",1033651,434392,418819,8726,3156,243,1964,949,217207,14911,59308,142988,8209,7877,121,6354,1078,324,173644,7941,6787,16424,86672,21183,34637,15573,447,1778,2207,2736,1265,1133,342,2525,3140,599259,92826,155833,15899,334701,"2013","All","Female"
"84",1047168,455064,437946,9508,3316,253,2108,955,234567,15589,62131,156847,8318,8325,156,6703,1117,349,173912,7848,7102,15901,89014,20719,33328,17118,434,2052,2468,2742,1447,1275,326,2921,3453,592104,89007,150550,16785,335762,"2014","All","Female"
"85",1058745,473534,455137,10080,3545,260,2222,1063,253456,16291,65803,171362,8536,8254,138,6702,1129,285,171266,7101,7597,14993,89753,19986,31836,18397,486,2215,2619,2690,1523,1455,372,3229,3808,585211,83866,142511,17980,340854,"2015","All","Female"
"86",1071988,488917,468121,11238,3691,234,2318,1139,266191,16986,68996,180209,8585,8328,126,6671,1261,270,170088,6576,7822,14897,89881,19627,31285,20796,503,2572,2985,3013,1678,1621,415,3740,4269,583071,80957,136672,19024,346418,"2016","All","Female"
"87",1087602,502323,479213,12568,3735,257,2357,1121,276575,17366,71626,187583,8723,8735,165,7013,1307,250,168877,6017,7953,15551,89458,19236,30662,23110,500,2857,3276,3094,2014,1836,449,4325,4759,585279,80294,133995,19789,351201,"2017","All","Female"
"88",1103080,518833,493771,14140,3733,240,2366,1127,287162,18443,75017,193702,9286,8982,192,7132,1422,236,170468,6071,8426,16021,90216,19421,30313,25062,521,3155,3666,3294,2054,1954,472,4692,5254,584247,79249,131331,20194,353473,"2018","All","Female"
"89",81410,27619,26384,551,127,9,69,49,9504,617,3701,5186,421,548,5,473,48,22,15233,474,494,1852,6969,2430,3014,1235,34,74,160,270,161,131,10,201,194,53791,7636,13282,1007,31866,"2008","Latinx","Female"
"90",84813,29371,28105,591,134,17,80,37,10229,597,3916,5716,417,590,9,508,52,21,16144,548,513,1896,7543,2499,3145,1266,34,76,171,295,142,168,10,159,211,55442,7774,13298,1025,33345,"2009","Latinx","Female"
"91",89789,32340,30991,590,161,17,102,42,11890,588,4322,6980,411,563,15,484,49,15,17376,618,575,1946,8170,2736,3331,1349,40,66,172,311,138,174,6,210,232,57449,7690,13789,1017,34953,"2010","Latinx","Female"
"92",97809,36907,35497,648,167,15,95,57,14087,734,4716,8637,502,567,8,499,46,14,19526,754,541,2064,9160,3005,4002,1410,30,91,187,339,132,185,14,211,221,60902,7554,14790,1018,37540,"2011","Latinx","Female"
"93",107584,42520,40899,792,192,13,115,64,16849,839,5411,10599,585,652,10,568,56,18,21829,842,609,2187,10450,3353,4388,1621,45,100,238,363,165,206,21,245,238,65064,7734,16101,1201,40028,"2012","Latinx","Female"
"94",118216,48986,47260,910,228,13,144,71,20088,1124,6098,12866,670,666,7,553,77,29,24698,953,660,2392,11957,3895,4841,1726,47,128,222,395,158,205,19,284,268,69230,7676,17078,1390,43086,"2013","Latinx","Female"
"95",128426,55671,53707,1007,288,21,181,86,23727,1216,6952,15559,780,750,13,625,81,31,27155,1058,742,2522,13704,3986,5143,1964,51,144,247,407,173,211,21,349,361,72755,7777,17779,1598,45601,"2014","Latinx","Female"
"96",137260,61235,59016,1044,331,18,208,105,27366,1425,7980,17961,879,903,15,753,108,27,28493,1115,837,2415,14678,4178,5270,2219,74,183,250,454,197,237,25,408,391,76025,7680,17700,1786,48859,"2015","Latinx","Female"
"97",148733,67639,65116,1219,383,15,239,129,31058,1584,8869,20605,907,850,20,710,97,23,30699,1162,916,2629,15944,4642,5406,2523,58,222,323,503,210,261,36,464,446,81094,8441,18339,2170,52144,"2016","Latinx","Female"
"98",156797,72133,69253,1418,377,19,267,91,33699,1723,9460,22516,975,955,15,785,126,29,31829,1088,896,2926,16259,4913,5747,2880,57,291,344,547,276,276,32,518,539,84664,8686,18645,2413,54920,"2017","Latinx","Female"
"99",168987,78602,75420,1540,438,24,279,135,36897,1995,10998,23904,1077,1100,28,891,155,26,34368,1140,1007,3043,18118,5263,5797,3182,58,314,411,530,277,302,30,638,622,90385,9542,19630,2615,58598,"2018","Latinx","Female"
"100",6546,2388,2336,55,19,0,17,2,976,91,291,594,25,52,0,44,7,1,1209,67,31,143,487,200,281,52,3,4,10,7,4,8,1,7,8,4158,736,1110,99,2213,"2008","Native","Female"
"101",6892,2588,2513,60,21,3,11,7,1113,109,349,655,35,50,0,42,4,4,1234,84,41,135,478,205,291,75,2,4,8,21,7,4,2,10,17,4304,770,1180,115,2239,"2009","Native","Female"
"102",6968,2617,2538,63,20,1,15,4,1089,82,319,688,35,43,3,31,7,2,1288,70,29,138,557,192,302,79,3,4,10,10,11,5,0,16,20,4351,763,1129,108,2351,"2010","Native","Female"
"103",6658,2502,2418,36,24,1,15,8,1082,100,308,674,36,37,0,28,8,1,1203,67,25,115,513,166,317,84,2,3,9,21,4,5,1,16,23,4156,699,1078,125,2254,"2011","Native","Female"
"104",6559,2556,2487,50,25,0,18,7,1172,120,354,698,21,38,1,32,4,1,1181,65,28,99,530,161,298,69,3,3,9,13,8,8,2,8,15,4003,633,1038,111,2221,"2012","Native","Female"
"105",6426,2594,2514,67,24,1,14,9,1206,126,304,776,28,54,2,41,8,3,1135,68,31,86,499,150,301,80,3,9,8,15,9,5,0,9,22,3832,591,991,131,2119,"2013","Native","Female"
"106",6267,2513,2431,57,22,2,18,2,1222,108,303,811,27,53,0,48,5,0,1050,49,18,73,493,137,280,82,4,6,8,14,10,11,0,6,23,3754,645,853,99,2157,"2014","Native","Female"
"107",5841,2413,2337,62,20,2,13,5,1226,114,261,851,25,31,0,29,1,1,973,46,19,86,453,120,249,76,3,6,12,9,4,6,0,14,22,3428,573,774,111,1970,"2015","Native","Female"
"108",5666,2393,2328,47,26,0,11,15,1208,93,297,818,17,34,0,30,3,1,996,47,26,75,493,142,213,65,0,4,7,15,3,4,2,13,17,3273,509,711,105,1948,"2016","Native","Female"
"109",5621,2448,2389,57,20,0,13,7,1316,107,280,929,15,36,0,30,3,3,945,44,20,60,467,133,221,59,3,4,9,9,5,6,0,7,16,3173,524,641,110,1898,"2017","Native","Female"
"110",5460,2392,2302,62,18,2,16,0,1277,134,273,870,31,44,0,32,10,2,870,42,15,67,413,106,227,90,2,3,12,15,8,9,2,21,18,3068,444,625,111,1888,"2018","Native","Female"
"111",55980,27660,25769,597,92,6,57,29,12303,388,7436,4479,652,930,6,838,63,23,11195,408,1566,1320,4282,1375,2244,1891,41,327,264,264,358,75,35,207,320,28320,2014,7859,714,17733,"2008","Asian","Female"
"112",57837,29101,27273,573,99,3,61,35,13563,473,7891,5199,648,1003,9,895,77,22,11387,437,1630,1315,4397,1336,2272,1828,30,337,270,265,264,108,41,204,309,28736,1859,7853,798,18226,"2009","Asian","Female"
"113",59482,30591,28632,634,112,7,66,39,14430,545,8292,5593,659,1008,14,903,71,20,11789,486,1854,1275,4510,1336,2328,1959,54,367,347,252,256,93,49,218,323,28891,1872,7773,804,18442,"2010","Asian","Female"
"114",61581,31619,29571,704,95,3,68,24,15003,580,8342,6081,747,1052,8,932,89,23,11970,471,1754,1336,4609,1342,2458,2048,46,407,318,301,249,121,32,245,329,29962,2143,7733,856,19230,"2011","Asian","Female"
"115",64371,34341,32184,874,98,5,69,24,17290,694,8941,7655,779,1088,12,966,81,29,12055,508,1573,1271,4929,1265,2509,2157,50,415,361,287,258,116,56,277,337,30030,2009,7716,905,19400,"2012","Asian","Female"
"116",66454,36255,33954,928,116,5,79,32,18627,802,9101,8724,840,1103,16,968,101,18,12340,551,1623,1231,5174,1239,2522,2301,61,464,375,326,295,106,70,260,344,30199,2028,7871,942,19358,"2013","Asian","Female"
"117",68357,38176,35738,1204,132,6,83,43,20085,766,9355,9964,882,1238,9,1108,81,40,12197,530,1684,1126,5296,1218,2343,2438,36,504,364,307,322,118,62,294,431,30181,2144,7397,948,19692,"2014","Asian","Female"
"118",69573,39541,36924,1474,132,11,85,36,21161,821,9635,10705,982,1184,12,1044,106,22,11991,460,1719,1028,5280,1219,2285,2617,56,487,421,289,320,122,66,346,510,30032,2128,6899,1040,19965,"2015","Asian","Female"
"119",72171,40943,37886,1904,170,5,114,51,21887,757,10035,11095,1030,1120,12,999,90,19,11775,440,1687,986,5304,1113,2245,3057,48,599,490,340,389,164,64,383,580,31228,2181,6892,1168,20987,"2016","Asian","Female"
"120",75852,43460,40011,2409,157,8,108,41,22998,794,10502,11702,1102,1191,12,1059,107,13,12154,424,1798,987,5629,1082,2234,3449,68,597,545,365,459,202,79,470,664,32392,2430,6999,1189,21774,"2017","Asian","Female"
"121",80254,46498,42707,3060,154,4,102,48,24477,890,11167,12420,1318,1254,19,1071,147,17,12444,422,1885,1037,5658,1158,2284,3791,68,673,600,371,470,216,97,525,771,33756,2581,7015,1260,22900,"2018","Asian","Female"
"122",93860,34661,33760,1338,56,6,37,13,13893,349,4364,9180,399,634,3,575,45,11,17440,323,495,2086,8305,3434,2797,901,20,64,120,121,166,91,9,135,175,59199,5571,11549,1424,40655,"2008","African American","Female"
"123",96227,35588,34729,1330,46,7,26,13,14515,312,4518,9685,403,657,0,592,43,22,17778,330,469,2070,8601,3409,2899,859,21,59,119,112,148,87,11,108,194,60639,5696,11687,1559,41697,"2009","African American","Female"
"124",100435,37269,36462,1295,53,6,33,14,15600,384,4487,10729,422,628,2,582,29,15,18464,336,485,2004,9009,3489,3141,807,16,55,116,115,126,96,7,101,175,63166,5707,11679,1574,44206,"2010","African American","Female"
"125",106001,40797,39981,1322,57,5,33,19,17596,351,4717,12528,412,646,0,581,38,27,19948,344,486,1972,9449,3824,3873,816,13,66,112,128,127,94,12,105,159,65204,6000,11792,1509,45903,"2011","African American","Female"
"126",113611,44544,43677,1464,75,9,48,18,19741,459,4957,14325,465,798,1,717,43,37,21134,382,445,2089,10276,3896,4046,867,15,76,135,126,135,78,11,116,175,69067,6458,12261,1870,48478,"2012","African American","Female"
"127",116345,46977,46119,1491,77,5,52,20,21792,474,5180,16138,515,729,1,670,29,29,21515,385,467,2064,10652,3887,4060,858,13,62,125,116,134,83,15,122,188,69368,7030,11997,1849,48492,"2013","African American","Female"
"128",116388,48517,47579,1463,81,7,55,19,23291,547,5318,17426,522,757,2,675,52,28,21465,400,465,2044,10878,3818,3860,938,11,78,138,125,126,83,12,126,239,67871,6650,12082,1875,47264,"2014","African American","Female"
"129",117189,49815,48841,1462,80,4,59,17,24570,544,5649,18377,516,694,1,614,47,32,21519,362,528,1969,11116,3778,3766,974,26,91,127,132,140,107,19,133,199,67374,6437,11453,1986,47498,"2015","African American","Female"
"130",119225,51928,50870,1434,91,10,58,23,26425,615,6151,19659,501,684,4,600,56,24,21735,375,483,1935,11329,3615,3998,1058,26,104,152,145,126,100,16,158,231,67297,6015,11463,1982,47837,"2016","African American","Female"
"131",120841,53085,51964,1565,86,6,58,22,27623,655,6538,20430,503,775,3,695,56,21,21412,345,534,1931,11336,3446,3820,1121,21,116,177,127,137,97,16,181,249,67756,5947,11534,2117,48158,"2017","African American","Female"
"132",120379,53902,52634,1725,118,14,73,31,28302,629,6633,21040,517,821,3,751,49,18,21151,325,526,1995,11155,3344,3806,1268,20,135,196,166,145,113,13,202,278,66477,5792,11538,2066,47081,"2018","African American","Female"
"133",591628,212361,204873,3235,1856,228,1111,517,97108,7669,28943,60496,4806,4379,94,3405,698,182,93489,4076,3823,11412,46726,11308,16144,7488,294,686,953,1465,562,596,137,1333,1462,379267,71780,108623,8641,190223,"2008","White","Female"
"134",599871,217762,210392,3181,1920,198,1159,563,102208,8003,29624,64581,4734,4457,104,3518,653,182,93892,4339,3864,10995,46605,11315,16774,7370,298,727,1012,1371,494,582,129,1294,1463,382109,71355,108478,8864,193412,"2009","White","Female"
"135",606251,223946,216063,3493,1952,192,1193,567,107835,8666,30139,69030,4859,4569,91,3523,746,209,93355,4380,3818,10828,46491,10797,17041,7883,287,752,1109,1468,507,617,160,1402,1581,382305,70626,107212,8950,195517,"2010","White","Female"
"136",618578,236602,228184,3625,2167,178,1363,626,117097,9436,31866,75795,4992,4570,108,3617,674,171,95733,4508,3809,10476,47593,10611,18736,8418,293,787,1227,1645,518,605,185,1377,1781,381976,71058,106208,9470,195240,"2011","White","Female"
"137",635910,253076,243946,4000,2382,223,1468,691,128447,10544,33413,84490,5382,4734,110,3716,702,206,99001,5099,3481,10105,50221,10741,19354,9130,293,962,1281,1649,570,668,175,1598,1934,382834,72249,106357,10321,193907,"2012","White","Female"
"138",646667,266413,256782,4288,2506,206,1543,757,139252,11405,34669,93178,5641,4781,85,3702,786,208,100314,5276,3408,9406,52381,10557,19286,9631,295,1005,1360,1696,582,674,216,1684,2119,380254,70819,104417,10611,194407,"2013","White","Female"
"139",647404,275396,264833,4727,2551,205,1614,732,148571,11856,35991,100724,5593,4972,114,3821,811,226,98419,5080,3618,8971,52384,10112,18254,10563,300,1187,1539,1695,725,794,206,1959,2158,372008,67020,99623,11189,194176,"2014","White","Female"
"140",646445,283580,272316,4952,2737,211,1713,813,159708,12275,37578,109855,5550,4890,100,3832,774,184,94479,4487,3796,8311,51604,9224,17057,11264,300,1301,1642,1628,748,897,236,2077,2435,362865,62372,92942,11922,195629,"2015","White","Female"
"141",645734,289030,276455,5441,2764,190,1745,829,166239,12750,39039,114450,5537,5017,73,3876,896,172,91457,3962,3985,8155,50295,8704,16356,12575,325,1455,1801,1821,822,991,261,2425,2674,356704,59262,87572,12399,197471,"2016","White","Female"
"142",648136,293707,279806,5879,2807,208,1743,856,171341,12864,39993,118484,5469,5130,109,3967,889,165,89180,3604,3974,8440,49123,8299,15740,13901,310,1651,1992,1830,963,1138,280,2808,2929,354429,58255,84787,12690,198697,"2017","White","Female"
"143",649703,299926,285005,6479,2717,179,1704,834,176090,13510,40948,121632,5710,5149,131,3922,944,152,88860,3621,4285,8766,48515,8249,15424,14921,323,1793,2191,1979,1004,1198,287,2963,3183,349777,56556,82120,12889,198212,"2018","White","Female"
"144",54492,19521,18882,698,161,12,101,48,8195,504,2505,5186,343,428,8,328,80,12,9057,539,468,1142,3765,1121,2022,639,29,59,82,116,70,28,9,115,131,34971,3553,11520,641,19257,"2008","Other","Female"
"145",58374,21312,20679,758,143,5,96,42,9275,568,2676,6031,401,360,14,270,61,15,9742,457,492,1128,4269,1128,2268,633,25,76,57,120,70,27,15,104,139,37062,3546,11517,768,21231,"2009","Other","Female"
"146",67788,25278,24501,829,153,10,108,35,11120,706,3174,7240,455,431,9,340,68,14,11513,588,579,1330,5271,1343,2402,777,26,75,107,124,115,40,9,117,164,42510,3978,12922,819,24791,"2010","Other","Female"
"147",76745,29308,28388,970,201,15,136,50,13340,903,3469,8968,456,539,7,366,85,81,12882,650,702,1386,5569,1429,3146,920,26,122,95,172,87,58,15,144,201,47437,4793,13964,945,27735,"2011","Other","Female"
"148",80891,32192,31263,1083,216,11,146,59,14839,948,3695,10196,444,570,13,423,98,36,14111,748,627,1324,6218,1450,3744,929,29,108,108,158,69,62,26,150,219,48699,4757,13624,1619,28699,"2012","Other","Female"
"149",79543,33167,32190,1042,205,13,132,60,16242,980,3956,11306,515,544,10,420,77,37,13642,708,598,1245,6009,1455,3627,977,28,110,117,188,87,60,22,166,199,46376,4682,13479,976,27239,"2013","Other","Female"
"150",80326,34791,33658,1050,242,12,157,73,17671,1096,4212,12363,514,555,18,426,87,24,13626,731,575,1165,6259,1448,3448,1133,32,133,172,194,91,58,25,187,241,45535,4771,12816,1076,26872,"2014","Other","Female"
"151",82437,36950,35703,1086,245,14,144,87,19425,1112,4700,13613,584,552,10,430,93,19,13811,631,698,1184,6622,1467,3209,1247,27,147,167,178,114,86,26,251,251,45487,4676,12743,1135,26933,"2015","Other","Female"
"152",80459,36984,35466,1193,257,14,151,92,19374,1187,4605,13582,593,623,17,456,119,31,13426,590,725,1117,6516,1411,3067,1518,46,188,212,189,128,101,36,297,321,43475,4549,11695,1200,26031,"2016","Other","Female"
"153",80355,37490,35790,1240,288,16,168,104,19598,1223,4853,13522,659,648,26,477,126,19,13357,512,731,1207,6644,1363,2900,1700,41,198,209,216,174,117,42,341,362,42865,4452,11389,1270,25754,"2017","Other","Female"
"154",78297,37513,35703,1274,288,17,192,79,20119,1285,4998,13836,633,614,11,465,117,21,12775,521,708,1113,6357,1301,2775,1810,50,237,256,233,150,116,43,343,382,40784,4334,10403,1253,24794,"2018","Other","Female"
